{"cameraMode":{"drawMode":0,"name":"Shaded","section":"Shading Mode"},"sceneLighting":true,"audioPlay":false,"sceneViewState":{"m_AlwaysRefresh":false,"showFog":true,"showSkybox":true,"showFlares":true,"showImageEffects":true,"showParticleSystems":true,"showVisualEffectGraphs":true,"m_FxEnabled":true},"in2DMode":false,"pivot":{"x":0.7067111134529114,"y":3.756453037261963,"z":20.502544403076173},"rotation":{"x":0.0014987140893936158,"y":-0.04138626903295517,"z":0.00006208084232639521,"w":0.9991419911384583},"size":27.147825241088868,"orthographic":false}